Taxon,Genus,SRR16303451_1,SRR16303451_2,SRR16303407_1,SRR16303407_2,SRR16303434_1,SRR16303434_2,SRR16303410,SRR16303438_2,SRR16303431_2,SRR16303413_2,SRR16303413_1,SRR16303446_2,SRR16303445_2,SRR16303445_1,SRR16303425_2,SRR16303425_1,SRR16303431_1,SRR16303446_1,SRR16303416_1,SRR16303416_2,SRR16303373_1,SRR16303373_2,SRR16303414_2,SRR16303414_1,SRR16303423_2,SRR16303368_2,SRR16303438_1,SRR16303395_1,SRR16303395_2,SRR16303436_1,SRR16303420_1,SRR16303411_1,SRR16303411_2,SRR16303432_1,SRR16303368_1,SRR16303367_1,SRR16303369_1,SRR16303432_2,SRR16303436_2,SRR16303369_2,SRR16303367_2,SRR16303420_2,SRR16303374_1,SRR16303374_2,SRR16303372_1,SRR16303372_2,SRR16303450_1,SRR16303450_2,SRR16303461_2,SRR16303461_1,SRR16303366_1,SRR16303366_2,SRR16303405_2,SRR16303405_1,SRR16303429_1,SRR16303429_2,SRR16303396_1,SRR16303396_2,SRR16303391_1,SRR16303391_2,SRR16303423_1,SRR16303408_1,SRR16303408_2,SRR16303386_1,SRR16303386_2,SRR16303371_2,SRR16303371_1,SRR16303452_1,SRR16303452_2,SRR16303538_1,SRR16303538_2,SRR16303562_1,SRR16303562_2,SRR16303410_1,SRR16303410_2,SRR16303370_1,SRR16303370_2,SRR16303516_1,SRR16303472_1,SRR16303516_2,SRR16303472_2,SRR16303483_2,SRR16303561_1,SRR16303561_2,SRR16303397_1,SRR16303397_2,SRR16303527_1,SRR16303527_2,SRR16303430_2,SRR16303560_2,SRR16303441_2,SRR16303549_1,SRR16303419_1,SRR16303549_2,SRR16303419_2,SRR16303505_1,SRR16303375_1,SRR16303375_2,SRR16303505_2,SRR16303441_1,SRR16303430_1,SRR16303560_1,SRR16303494_1,SRR16303494_2,SRR16303483_1,SRR16303376_2,SRR16303376_1
Streptococcus suis,Streptococcus,24746,17570,2007,1403,35838,25913,15090,6014,13758,13399,18508,20267,9644,13379,5292,6994,20095,27011,33635,23552,9995,8218,8547,11295,19525,22748,30224,24477,16716,51210,32963,20972,15870,43855,27412,28429,26679,31036,33985,21673,23100,23417,21415,16972,6319,4927,29775,19882,2359,38556,31314,25613,33630,45329,38599,26214,34420,24789,1149,16298,26378,2135,2094,11779,12078,1093,1480,8443,8442,8863,9149,12396,12726,3503,2630,26364,21124,16913,9210,17294,9208,5854,7347,7022,2491,2418,7698,7813,16924,9456,9838,7049,5636,7078,5680,136,1053,1006,130,10,20,859,2084,2063,5763,22484,4438
Taylorella asinigenitalis,Taylorella,3286,2585,789,607,12351,10010,3548,21219,20387,19832,22808,13570,1253,1628,15701,19107,26149,16455,15373,11965,11946,9033,8149,9832,19701,7269,27429,11121,8447,23130,1682,19027,15470,28126,8505,4486,15690,22753,16952,12718,3636,1303,3044,2345,4760,3823,16153,12986,5249,6643,127,12902,508,650,59756,45675,20444,16854,25471,20155,8806,3881,3618,852,820,2291,2962,2273,2145,7577,7934,2427,2289,739,607,1880,1475,3751,3236,3569,3005,2938,3036,2856,804,704,595,556,375,553,555,6,65,5,58,6,240,202,3,545,412,598,165,151,1799,4040,5099
Streptomyces griseocarneus,Streptomyces,10870,7065,4133,3051,4426,3874,2632,1806,3372,2126,2421,4997,6881,7084,9353,11496,4690,6889,4663,3691,3548,3707,11298,15323,1313,458,2672,1982,1318,558,598,1662,1437,513,617,1089,1786,490,320,1868,828,428,2529,3334,1483,2063,1081,1111,266,405,16660,820,116,335,3718,3180,339,310,578,450,1420,1634,1404,480,219,183,336,221,204,352,442,540,465,679,505,332,224,414,421,395,385,1710,203,191,402,119,270,149,92,38,40,34,36,38,34,23,169,146,13,41,174,103,882,741,1901,1596,2156
Vibrio parahaemolyticus,Vibrio,3800,2650,5261,3083,3132,2292,473,764,1396,378,1648,693,2575,6149,690,465,2076,1575,901,312,4785,2489,227,731,4916,469,898,992,661,138,166,413,183,457,607,399,866,325,87,326,330,81,3093,1075,1816,627,300,226,369,241,254,1421,139,126,169,217,747,594,132,86,551,765,631,1533,1326,176,88,223,114,631,556,236,205,145,113,71,37,132,86,105,43,6,189,152,29,19,19,8,22,27,17,6,17,5,12,37,24,14,30,21,30,35,25,18,176,3532,4415
Lactobacillus amylolyticus,Lactobacillus,6364,4860,296,207,4308,3196,1126,854,574,1014,1132,4065,1818,4171,1607,1945,858,5094,1868,1408,429,348,196,257,966,642,1167,1847,1284,234,445,832,666,908,850,310,1912,154,140,234,205,336,192,144,337,52,486,129,26310,34815,4777,2553,6243,7685,7079,5147,568,1059,3191,861,6777,224,337,577,584,40,393,1026,948,545,506,101,53,270,223,72,34,1011,379,950,351,13,456,404,306,284,899,864,204,1589,115,242,57,229,47,33,38,33,29,117,102,1702,32,33,15,1050,4756
Streptococcus pneumoniae,Streptococcus,138,68,27,38,227,251,221,15526,126,1111,129,140,114,64,59,99,187,122,168,221,82,47,34,35,316,269,156,117,127,235,62,189,95,224,150,66,232,471,830,1227,102,220,102,105,22,32,25,20,338,123,167,219,429,58,518,496,251,443,439,205,304,7,2,9,NA,13,2,8,NA,6,4,6,NA,9,21,53,100,17,17,NA,NA,NA,17,13,2,0,7,30,4,17,3,5,6,NA,0,1,2,0,373,8,16,8423,3,3,5,200,24684
Streptococcus anginosus,Streptococcus,75,69,74,18,104,72,54,58,73,46,40,162,76,69,45,111,80,60,56,95,25,77,153,71,94,55,67,54,89,68,47,48,50,144,19,18,76,241,281,231,252,82,423,171,12,52,103,355,24639,572,61,78,249,58,78,96,67,120,35,33,63,42,118,20,15,18,6,9,11,14,5,14,110,6,5,23,135,242,13,350,7,94,7,8,3,5,14,NA,14,26,2,14,7,4,5,376,6,4,0,NA,NA,13,27,13,70,150,20
Thiomonas sp. CB2,Thiomonas,326,228,43,15,36,31,281,179,673,254,316,137,NA,16,766,949,911,178,245,184,258,846,921,1097,17,13,226,20,40,134,44,186,148,24,13,186,192,14,107,172,166,18,15,10,90,86,13,NA,22,26,NA,NA,NA,13,128,94,13,NA,12,NA,18,270,278,NA,NA,40,52,102,103,NA,5,17,16,50,43,32,28,9,32,7,33,10,NA,NA,0,0,11,13,15,11,6,NA,0,0,0,0,52,47,0,6,11,9,12,12,9,NA,NA
Streptomyces himastatinicus,Streptomyces,15,127,4,21,65,68,73,NA,240,689,1148,63,123,10,653,1113,123,20,1032,36,10,229,139,242,51,8,25,78,31,45,11,29,17,15,7,68,10,NA,38,92,37,9,174,98,1412,829,0,15,NA,14,NA,NA,NA,15,NA,NA,NA,NA,NA,0,91,14,13,8,5,2,2,NA,7,20,16,15,91,2,12,24,17,NA,14,5,13,0,NA,NA,4,6,6,5,6,NA,NA,4,NA,2,NA,0,23,18,2,2,NA,NA,272,218,0,0,NA
Campylobacter coli,Campylobacter,1133,694,473,62,127,80,109,160,161,514,617,325,451,631,1575,1976,244,511,216,176,166,58,24,35,53,11,237,54,39,28,28,48,19,18,13,25,41,NA,17,34,18,19,121,88,46,40,198,158,22,31,NA,0,NA,9,NA,NA,12,10,11,NA,80,89,79,268,242,2,6,31,24,5,4,11,8,27,24,0,NA,0,NA,0,NA,NA,3,3,3,2,0,0,12,4,NA,0,NA,0,NA,0,0,0,0,NA,14,4,7,6,NA,48,54
Paenibacillus sp. P22,Paenibacillus,136,649,847,486,138,147,35,28,62,96,883,25,211,84,9,53,651,248,29,23,317,31,22,8,1452,107,51,14,14,16,27,48,38,121,86,10,34,29,13,NA,7,9,20,74,12,16,38,56,20,27,203,147,80,16,NA,NA,1994,1459,NA,11,576,81,38,15,20,6,3,19,16,30,26,8,5,14,12,8,9,NA,0,NA,0,6,NA,3,0,3,NA,NA,NA,0,0,2,0,2,0,1,7,8,2,0,0,0,6,4,3,60,17
Streptococcus ruminantium,Streptococcus,NA,58,NA,7,29,204,44,63,79,116,11,312,1496,19,29,0,NA,NA,NA,76,7,60,43,NA,57,77,NA,NA,68,NA,0,NA,43,NA,20,168,9,38,67,126,66,38,6,315,5,12,NA,NA,515,28,210,291,77,0,NA,97,NA,62,20868,1761,NA,0,NA,4,23,7,0,6,10,0,8,NA,8,1,6,NA,39,0,0,18,8,7,3,9,2,0,0,4,10,11,7,0,0,4,6,0,0,0,0,0,0,0,0,0,0,178,95
Bifidobacterium animalis,Bifidobacterium,97,16,22,NA,1503,77,9,12,10,NA,164,710,NA,11,0,NA,212,250,25,NA,8,NA,NA,13,47,92,197,595,437,26,31,NA,NA,14,103,32,36,0,NA,NA,NA,NA,370,27,72,6,697,47,53,24,37,NA,167,51,NA,NA,NA,NA,1755,1029,429,349,401,1621,1622,120,146,27,3,125,11,6,55,23,0,NA,0,21,11,NA,0,NA,491,383,716,759,76,167,720,191,NA,12,7,NA,0,26,46,0,25,4,786,168,33,2,61,3265,5155
Pantoea ananatis,Pantoea,28,13,18,6,35,20,18,74,45,36,929,51,84,151,118,20,62,60,36,25,NA,NA,14,11,31,16,62,38,26,50,15,46,44,76,NA,0,0,64,54,NA,NA,NA,NA,0,3,8,79,40,22,52,NA,NA,NA,15,92,139,47,56,18,45,35,0,0,0,0,2,NA,NA,0,NA,0,0,NA,3,1,0,0,0,0,0,0,0,0,0,6,5,0,0,0,0,0,0,0,0,0,0,0,0,0,0,0,0,4,4,0,NA,0
Lactobacillus jensenii,Lactobacillus,265,113,274,82,45,112,45,NA,NA,NA,NA,NA,281,368,NA,9,80,64,NA,NA,16,NA,21,170,NA,NA,NA,35,18,NA,NA,38,21,NA,23,20,NA,NA,NA,0,0,NA,32,NA,NA,NA,9,NA,NA,18,NA,NA,NA,NA,0,NA,NA,NA,NA,NA,25,31,10,17,17,2,6,4,3,0,0,5,NA,9,3,0,0,13,0,NA,NA,NA,NA,NA,0,0,0,0,0,NA,4,0,0,0,0,0,0,0,0,4,0,0,2,1,NA,31,93
Williamsia marianensis,Williamsia,280,23,35,0,16,20,8,NA,11,NA,38,NA,NA,21,NA,74,26,370,35,NA,12,0,14,7,NA,NA,14,7,NA,NA,NA,NA,NA,NA,6,11,NA,NA,0,NA,0,NA,15,12,21,5,26,9,NA,NA,NA,9,NA,NA,0,0,0,0,NA,NA,NA,20,64,NA,NA,0,NA,0,0,4,NA,4,NA,0,2,NA,NA,6,NA,0,0,5,NA,0,0,0,2,2,0,0,0,NA,0,0,0,0,0,0,0,0,NA,NA,9,4,5,128,32
Curvibacter putative symbiont of Hydra magnipapillata,Curvibacter,NA,NA,304,11,49,37,9,NA,73,43,21,21,NA,NA,21,10,79,34,13,16,6,NA,NA,NA,11,24,12,26,13,17,NA,25,16,NA,11,8,12,13,25,112,10,13,NA,NA,8,4,NA,NA,0,0,NA,NA,0,NA,NA,25,10,NA,NA,NA,16,0,0,0,0,5,8,0,0,0,0,0,0,3,1,NA,NA,0,0,0,0,0,0,0,0,0,NA,0,0,0,4,0,0,0,0,0,1,1,0,5,0,0,0,0,0,22,19
Mycoplasma capricolum,Mycoplasma,22,18,46,49,20,17,17,17,40,NA,11,NA,NA,NA,108,42,61,NA,0,0,14,NA,NA,NA,NA,23,23,11,10,NA,NA,NA,NA,13,27,10,NA,12,NA,NA,10,NA,NA,NA,NA,NA,NA,NA,NA,NA,9,NA,NA,NA,NA,NA,NA,NA,NA,0,NA,9,7,NA,NA,3,3,4,3,5,5,NA,NA,3,2,NA,NA,0,0,0,0,0,10,7,2,1,4,3,0,0,0,0,0,0,0,1,0,0,0,0,0,0,0,0,0,13,16
Mesoplasma florum,Mesoplasma,263,178,33,28,14,NA,NA,NA,35,NA,NA,11,NA,NA,23,37,24,23,NA,NA,NA,NA,7,NA,NA,69,12,NA,NA,NA,6,NA,NA,NA,NA,NA,0,NA,NA,NA,NA,NA,NA,NA,5,11,NA,0,NA,NA,NA,NA,NA,NA,0,0,NA,NA,NA,0,NA,2,8,NA,0,0,NA,NA,NA,NA,NA,NA,NA,2,2,0,0,NA,0,NA,0,0,0,0,0,0,0,0,0,0,0,NA,0,NA,0,0,0,0,0,0,0,0,3,3,0,32,24
Treponema socranskii,Treponema,1112,928,5013,3523,46,18,NA,0,17,NA,15,NA,NA,NA,NA,NA,39,12,0,0,NA,NA,0,NA,NA,NA,NA,NA,NA,NA,NA,21,14,NA,NA,NA,0,NA,NA,0,NA,NA,NA,NA,9,7,NA,NA,NA,24,10,NA,NA,NA,NA,NA,0,0,0,0,NA,70,63,5,5,0,0,0,0,0,0,0,0,1,1,NA,NA,0,0,0,0,0,13,6,2,2,NA,NA,0,NA,0,0,0,0,0,0,0,0,0,0,0,NA,4,4,0,0,0
Bacillus sp. FJAT-26390,Bacillus,23,190,6,22,21,46,6,23,57,54,28,NA,84,23,NA,NA,18,NA,NA,NA,11,11,16,NA,10,7,NA,0,14,0,0,NA,15,0,NA,0,NA,NA,83,0,6,NA,79,28,NA,5,11,31,NA,NA,NA,NA,10,NA,NA,0,0,NA,0,NA,NA,6,0,20,7,5,6,0,0,NA,0,NA,0,1,2,0,0,0,4,0,NA,0,0,0,0,1,NA,0,0,0,0,0,0,0,0,0,0,0,0,0,NA,0,0,0,3,49,64
Acetobacter pomorum,Acetobacter,31,53,4,278,NA,NA,8,NA,24,828,NA,84,33,12,44,NA,NA,NA,NA,NA,NA,15,NA,NA,NA,6,NA,NA,NA,0,NA,NA,NA,NA,8,NA,NA,35,NA,NA,7,0,0,NA,NA,0,NA,NA,NA,NA,NA,NA,0,NA,NA,NA,10,NA,NA,NA,NA,0,3,0,0,NA,3,0,0,0,0,0,0,0,1,NA,0,0,0,0,0,0,0,0,0,0,0,0,0,NA,NA,0,0,0,0,0,0,0,0,NA,0,0,0,0,0,NA,NA
Lacticaseibacillus rhamnosus,Lacticaseibacillus,0,NA,NA,6,17,53,NA,NA,27,12,11,NA,28,NA,20,NA,14,NA,0,15,NA,NA,14,NA,NA,7,NA,NA,11,0,NA,NA,NA,NA,NA,0,NA,15,NA,NA,41,NA,NA,NA,0,NA,NA,NA,NA,NA,0,NA,NA,0,NA,NA,NA,17,NA,NA,NA,0,0,0,0,124,NA,0,0,0,0,0,3,0,0,0,0,0,NA,0,0,0,0,0,0,1,0,0,0,0,0,0,0,0,0,0,0,0,0,0,0,0,0,1,0,15,NA
Lactiplantibacillus pentosus,Lactiplantibacillus,0,NA,0,NA,NA,20,NA,NA,19,10,NA,80,13,NA,12,NA,NA,0,NA,NA,NA,NA,NA,NA,NA,0,0,NA,NA,0,NA,NA,47,0,NA,0,NA,0,0,NA,NA,NA,0,0,0,NA,0,221,0,0,0,NA,0,0,NA,NA,NA,0,NA,NA,NA,0,0,0,NA,2,0,0,0,0,0,0,0,1,0,NA,0,0,0,0,NA,0,0,0,0,0,0,0,NA,0,0,0,0,0,0,0,0,0,0,0,0,0,2,2,0,NA,NA
Bifidobacterium longum,Bifidobacterium,NA,NA,NA,0,14,NA,10,NA,NA,14,NA,186,NA,NA,16,NA,NA,NA,NA,520,NA,10,NA,NA,NA,NA,0,0,0,0,0,0,0,NA,7,0,NA,NA,NA,NA,0,0,53,39,5,16,NA,NA,0,0,NA,0,NA,9,0,NA,NA,0,NA,NA,0,NA,3,5,5,3,3,0,0,0,0,NA,3,1,1,0,0,0,0,0,0,NA,0,3,6,0,0,0,0,0,0,0,0,0,0,0,0,0,0,0,0,0,0,6,0,13,NA
Lactobacillus pasteurii,Lactobacillus,NA,NA,35,31,NA,NA,NA,NA,NA,NA,NA,NA,NA,NA,19,14,NA,NA,12,NA,NA,NA,0,NA,NA,NA,NA,0,0,0,NA,NA,0,NA,26,13,NA,0,0,NA,0,NA,6,16,3,0,NA,NA,68,39,24,19,51,15,NA,NA,902,26,122,23,NA,12,0,0,0,0,0,NA,0,0,0,0,0,0,1,NA,NA,0,0,0,0,0,NA,0,0,0,0,0,0,0,NA,0,0,0,0,0,0,0,0,2,0,0,0,0,0,13,NA
Staphylococcus aureus,Staphylococcus,12,NA,0,0,NA,NA,49,NA,0,NA,NA,13,NA,NA,NA,NA,0,NA,NA,NA,NA,NA,NA,NA,NA,0,NA,NA,NA,0,0,NA,NA,NA,NA,NA,NA,492,NA,NA,NA,NA,NA,0,NA,0,NA,NA,NA,23,NA,NA,12,13,NA,NA,NA,NA,NA,NA,NA,0,0,0,0,0,0,NA,0,0,NA,NA,0,2,3,0,0,NA,0,0,NA,0,0,0,0,0,2,0,0,NA,0,0,0,0,0,0,1,0,0,0,0,6,6,7,0,2646,NA
Magnetospirillum gryphiswaldense,Magnetospirillum,41,641,NA,NA,NA,NA,NA,NA,16,NA,NA,NA,NA,NA,NA,NA,NA,NA,NA,0,0,0,NA,NA,NA,NA,NA,0,NA,NA,NA,NA,NA,NA,NA,NA,NA,NA,NA,0,NA,NA,NA,0,0,0,11,NA,NA,NA,NA,NA,0,NA,NA,NA,NA,0,0,0,15555,0,0,NA,NA,0,0,0,0,0,0,0,0,1,0,NA,0,0,0,0,0,NA,NA,4,0,0,0,0,0,0,0,0,0,0,0,0,0,0,0,0,0,0,0,0,1427,0,NA
Pseudoflavonifractor capillosus,Pseudoflavonifractor,116,NA,NA,NA,0,0,NA,0,0,NA,NA,NA,NA,NA,52,53,0,NA,12,12,10,15,NA,0,NA,0,NA,NA,NA,NA,NA,0,0,0,NA,NA,NA,NA,0,NA,NA,NA,0,NA,3,9,NA,0,NA,0,NA,0,0,NA,NA,0,NA,NA,0,0,0,4,3,0,0,NA,NA,0,0,0,0,0,0,0,0,0,0,0,0,0,0,0,0,0,0,1,0,0,0,0,NA,0,0,0,0,0,0,0,0,0,0,0,0,0,0,0,NA
Bacteroides sp. 2_1_22,Bacteroides,16,NA,7,11,NA,NA,0,0,NA,NA,NA,0,NA,NA,NA,0,11,NA,NA,NA,0,0,NA,NA,NA,0,0,NA,NA,0,0,NA,NA,NA,NA,6,NA,NA,NA,NA,NA,0,NA,0,NA,0,0,0,NA,NA,NA,0,0,0,0,0,0,0,NA,NA,NA,NA,NA,NA,0,0,0,3,NA,NA,NA,3,0,0,0,0,0,NA,0,0,0,0,0,NA,0,0,0,0,0,0,NA,0,0,0,0,1,0,0,0,3,0,NA,0,3,NA,0,0
Bacteroides caccae,Bacteroides,NA,NA,NA,NA,NA,NA,11,0,0,NA,NA,0,13,0,9,NA,0,0,0,NA,0,NA,NA,0,0,0,0,NA,NA,0,0,0,NA,NA,NA,0,NA,NA,NA,NA,NA,0,0,0,0,NA,0,0,NA,0,0,0,0,0,NA,NA,0,0,0,NA,0,0,NA,0,0,15,0,0,0,0,0,0,0,0,0,0,0,0,0,0,0,0,0,0,0,0,2,0,0,0,0,0,0,0,0,0,0,0,0,0,0,0,0,0,0,NA,NA
Serratia marcescens,Serratia,0,0,NA,NA,NA,0,0,NA,NA,0,NA,0,0,NA,NA,0,NA,NA,0,0,NA,NA,0,0,NA,NA,NA,NA,NA,0,0,NA,0,NA,NA,NA,NA,0,NA,NA,0,0,0,NA,3,0,NA,0,NA,NA,0,NA,0,0,NA,NA,NA,NA,NA,NA,0,0,0,0,0,0,0,0,0,NA,0,0,0,0,0,NA,0,0,0,0,0,0,0,0,0,0,0,0,0,0,0,0,0,0,0,0,0,0,0,0,0,0,0,0,0,0,0
Escherichia coli,Escherichia,NA,NA,NA,NA,0,NA,NA,NA,NA,0,0,NA,NA,0,0,0,NA,NA,NA,0,NA,NA,NA,NA,NA,0,0,NA,NA,NA,NA,NA,NA,NA,0,NA,NA,0,NA,0,0,0,NA,0,0,0,NA,NA,NA,NA,NA,0,0,0,NA,NA,NA,NA,0,NA,NA,2,NA,0,0,0,NA,NA,0,0,0,NA,0,0,0,0,0,0,NA,0,0,NA,NA,NA,0,NA,0,0,0,0,6,0,2,0,0,1,0,NA,1,2,0,0,NA,0,NA,0,0
Azospirillum brasilense,Azospirillum,NA,NA,0,0,NA,0,0,0,NA,0,NA,0,NA,NA,0,0,0,0,NA,NA,0,0,0,0,0,0,0,NA,NA,0,0,0,NA,NA,0,0,NA,0,NA,0,0,NA,0,0,0,0,0,0,0,NA,0,0,0,NA,NA,0,NA,0,NA,NA,NA,0,0,0,0,0,0,0,0,0,0,0,0,0,0,0,NA,0,0,0,NA,0,NA,NA,1,0,0,0,0,0,0,0,0,0,0,0,0,0,0,0,0,0,1,1,0,0,0
Clostridioides difficile,Clostridioides,NA,NA,0,0,NA,0,NA,0,NA,0,NA,NA,0,0,0,0,NA,NA,NA,0,0,0,0,0,0,0,0,0,0,NA,0,0,NA,0,0,0,0,0,NA,0,0,0,0,0,0,0,0,0,0,0,0,NA,0,0,NA,0,0,0,0,0,0,0,0,NA,0,0,0,0,0,0,0,0,0,0,0,0,0,0,0,0,NA,0,NA,0,0,0,0,0,0,0,2,NA,0,NA,NA,0,0,0,0,5,0,0,0,0,NA,0,NA
Bacteroides sp. 3_1_33FAA,Bacteroides,0,0,0,0,NA,NA,NA,0,NA,NA,0,NA,0,NA,0,0,0,0,0,NA,NA,NA,0,0,0,0,0,0,0,0,0,NA,NA,NA,0,0,0,NA,0,0,0,0,0,0,0,0,0,0,NA,NA,0,0,0,0,0,NA,0,0,0,0,0,0,0,0,0,0,0,0,0,0,0,0,0,1,1,0,0,0,0,0,0,0,0,0,0,0,0,0,0,0,0,0,0,0,0,0,0,0,0,0,0,0,0,0,0,0,0
Salmonella enterica,Salmonella,0,0,NA,0,NA,NA,NA,0,NA,0,0,0,0,0,NA,0,0,0,0,0,0,0,NA,0,NA,0,0,NA,NA,NA,NA,0,0,0,0,0,0,NA,0,0,0,0,0,0,0,0,NA,0,0,0,0,0,0,0,0,0,0,0,0,0,NA,NA,0,0,0,0,0,0,0,0,0,0,0,0,0,0,0,0,NA,0,0,0,NA,0,1,1,0,0,0,0,0,0,0,0,0,1,1,0,0,0,0,0,0,0,0,0,0
Neisseria gonorrhoeae,Neisseria,0,0,0,0,0,0,0,NA,0,0,0,NA,NA,0,0,0,0,0,0,0,0,NA,0,0,0,0,0,0,0,0,0,0,0,0,0,0,0,0,0,0,0,0,0,0,0,0,0,0,0,0,0,0,0,0,0,0,0,0,0,0,0,0,0,0,0,0,0,0,0,0,0,0,0,0,0,0,0,0,0,0,0,0,0,NA,1,0,0,0,0,0,0,0,0,0,0,0,0,0,0,2,0,0,0,0,0,0,0
Pseudomonas aeruginosa,Pseudomonas,0,0,0,0,0,0,NA,0,0,0,0,0,0,0,0,0,0,0,0,0,0,0,0,NA,0,0,0,0,0,0,0,0,0,0,NA,0,0,0,0,0,0,0,0,0,0,0,0,0,0,0,0,0,0,0,0,0,0,0,0,0,0,0,0,0,0,0,0,0,0,0,0,0,0,0,0,0,0,0,0,0,0,0,0,0,0,0,0,0,0,0,0,0,0,0,0,0,0,0,0,3,0,0,0,0,0,0,0
Cupriavidus taiwanensis,Cupriavidus,0,0,0,0,0,0,0,0,NA,0,0,NA,NA,0,0,0,NA,0,0,0,0,0,0,0,0,0,0,0,0,0,0,0,0,0,0,0,0,0,0,0,0,0,0,0,0,0,NA,0,0,0,0,0,0,0,0,0,0,0,0,0,0,0,0,0,0,0,0,0,0,0,0,NA,0,0,0,0,0,0,0,0,0,0,0,0,0,0,0,0,0,0,0,0,0,0,0,0,0,1,0,0,0,0,0,0,0,0,0
Helicobacter pylori,Helicobacter,0,0,0,0,0,0,0,0,0,0,0,0,0,0,0,0,0,0,0,0,0,0,0,0,0,0,0,0,0,0,0,0,0,0,0,0,0,0,0,0,0,0,0,0,0,0,0,0,0,0,0,0,0,0,0,0,0,0,0,0,0,NA,0,0,0,0,0,0,0,0,0,0,0,0,0,0,0,0,0,0,0,0,0,0,0,0,0,0,0,0,0,0,0,0,0,0,0,0,1,0,0,0,0,0,0,0,0
Pseudomonas stutzeri,Pseudomonas,0,0,0,0,0,NA,0,0,0,0,0,0,0,0,0,0,0,0,0,0,NA,NA,0,0,0,0,0,0,0,0,0,0,0,0,6,0,0,0,0,0,0,0,0,0,0,0,0,0,0,0,0,0,0,0,0,0,0,0,0,0,0,0,0,0,0,0,0,0,0,0,0,0,0,0,0,0,0,0,0,0,0,0,0,0,0,0,0,0,0,0,0,0,0,0,0,0,0,0,0,0,0,0,0,0,0,0,0
Enterobacter asburiae,Enterobacter,0,0,0,0,0,0,0,0,0,NA,0,0,0,0,0,0,0,0,0,0,8,0,0,0,0,0,0,0,0,0,0,0,0,0,NA,0,0,0,0,0,0,0,0,0,0,0,0,0,0,0,0,0,0,0,0,0,0,0,0,0,0,0,0,0,0,0,0,0,0,0,0,0,0,0,0,0,0,0,0,0,0,0,0,0,0,0,0,0,0,0,0,0,0,0,0,0,0,0,0,0,0,0,0,0,0,0,0
Paenibacillus polymyxa,Paenibacillus,0,0,0,0,0,0,0,0,NA,0,0,0,0,0,0,0,0,0,0,0,0,0,NA,NA,0,0,0,0,0,0,0,0,0,0,0,0,NA,0,0,0,NA,0,0,NA,0,0,0,NA,0,0,0,0,0,0,0,0,0,0,NA,0,0,0,0,0,NA,0,0,0,0,0,0,0,0,0,1,0,0,0,0,0,0,0,0,0,0,0,0,0,0,0,0,0,0,0,0,0,0,0,0,0,0,0,0,0,0,NA,0
Chlamydia psittaci,Chlamydia,NA,NA,0,0,0,0,0,0,0,0,0,0,0,0,0,0,0,0,0,0,0,0,0,0,0,0,0,0,0,NA,0,NA,0,0,0,0,0,0,0,0,0,0,0,0,0,0,0,0,NA,NA,NA,0,0,0,NA,0,0,0,0,0,0,NA,0,0,0,0,0,0,0,0,0,0,0,0,0,0,0,0,0,0,0,0,0,0,1,0,0,0,0,0,NA,0,0,0,0,1,0,0,0,NA,0,0,0,0,0,0,0
Azospirillum sp. CAG:260,Azospirillum,NA,14,0,0,0,0,0,0,0,0,0,0,NA,NA,0,0,0,0,0,0,0,0,0,0,0,0,0,0,0,NA,0,0,0,0,0,0,0,0,0,0,0,0,0,NA,0,0,0,0,NA,NA,0,0,0,0,0,0,0,0,0,0,0,0,0,0,0,0,0,0,0,0,0,0,0,0,0,0,0,0,0,0,0,0,0,0,0,0,0,0,0,0,0,0,0,0,0,0,0,0,0,0,0,0,0,0,0,0,0
Cutibacterium acnes,Cutibacterium,NA,0,NA,0,0,0,0,0,0,0,NA,0,0,NA,0,0,0,NA,0,0,0,0,0,NA,0,0,0,0,0,0,0,0,0,0,0,0,0,0,0,0,0,0,0,0,NA,0,0,0,0,NA,0,0,0,0,0,0,0,0,0,0,0,0,0,0,0,0,0,0,0,0,0,0,0,1,0,0,0,0,0,0,0,0,0,0,0,0,0,0,0,0,0,0,0,0,0,0,0,0,0,0,0,0,0,0,0,0,0
Parvimonas micra,Parvimonas,NA,NA,NA,NA,0,0,0,0,0,NA,NA,0,0,0,0,0,0,0,0,0,0,0,0,0,NA,0,0,0,0,0,0,0,NA,0,0,0,0,0,0,0,0,11,0,0,0,0,0,0,NA,NA,0,NA,0,0,0,0,0,0,0,0,0,0,0,0,0,0,0,0,0,0,0,0,0,0,0,0,0,0,0,0,0,0,0,0,0,0,0,0,0,0,0,0,0,0,0,0,0,0,0,0,0,0,1,0,0,0,0
Lacticaseibacillus paracasei,Lacticaseibacillus,0,0,0,0,0,11,NA,NA,NA,NA,0,0,NA,0,NA,0,0,0,0,NA,0,0,NA,0,0,0,0,0,NA,0,0,0,0,0,0,0,0,0,0,0,0,0,0,NA,0,0,0,NA,0,0,0,0,NA,0,0,0,0,0,0,0,0,0,0,0,0,0,0,0,0,0,0,0,0,0,0,0,0,0,0,0,0,0,0,0,0,0,0,NA,0,0,0,0,0,0,0,0,0,0,0,0,0,0,6,6,0,0,0
Lactobacillus sp. UMNPBX3,Lactobacillus,0,0,0,0,0,0,NA,0,0,0,0,0,NA,NA,NA,0,0,0,0,0,0,0,NA,0,0,NA,0,NA,0,0,0,0,0,0,NA,0,0,0,0,0,0,0,12,9,NA,NA,NA,NA,NA,0,0,0,0,0,0,0,0,0,0,0,0,0,0,0,0,0,0,0,0,0,0,0,0,0,0,0,0,0,0,0,0,0,0,0,0,0,0,0,0,0,0,0,0,0,0,0,0,0,0,0,0,0,8,8,0,0,0
Ligilactobacillus salivarius,Ligilactobacillus,0,0,0,NA,0,0,0,NA,0,0,NA,0,0,0,0,0,0,0,0,0,0,NA,NA,0,0,0,0,0,0,0,0,0,0,0,0,0,0,0,0,0,0,0,0,0,0,0,0,0,NA,NA,NA,NA,0,0,0,0,0,0,NA,0,NA,0,0,0,0,0,0,0,0,0,0,0,0,1,1,0,0,0,0,0,0,0,0,0,0,0,0,0,0,0,0,0,0,0,0,0,0,0,0,0,0,0,14,14,0,NA,0
Pseudomonas amygdali,Pseudomonas,0,0,NA,NA,0,0,0,0,NA,0,0,NA,0,0,NA,NA,0,NA,0,0,0,0,0,NA,NA,0,NA,0,0,0,0,NA,0,0,0,0,0,NA,0,0,0,25,0,0,0,0,14,NA,NA,0,0,0,0,0,0,NA,NA,NA,0,NA,0,0,0,0,0,0,0,0,0,0,0,0,0,0,0,0,0,0,0,0,0,0,0,0,0,0,0,0,0,0,0,0,0,0,0,0,0,0,0,0,0,0,1,1,0,0,0
Jeotgalicoccus schoeneichii,Jeotgalicoccus,0,0,0,0,0,0,0,0,NA,NA,0,NA,0,0,NA,0,354,0,NA,0,0,0,0,0,NA,0,0,NA,0,0,0,0,0,0,0,0,0,0,0,0,0,0,0,0,0,NA,0,0,0,0,0,0,0,0,0,0,0,0,0,0,NA,0,0,0,0,0,0,0,0,0,0,0,0,0,0,0,0,0,0,0,0,0,0,0,0,0,0,0,0,0,0,0,0,0,0,0,0,0,0,0,0,0,0,0,0,NA,0
Pullulanibacillus pueri,Pullulanibacillus,0,0,0,0,0,0,0,0,0,0,0,0,0,0,0,0,0,0,0,0,0,0,0,0,0,0,NA,0,0,0,0,0,0,0,10,0,NA,0,0,0,NA,0,0,0,0,0,0,0,0,0,0,0,0,NA,35,0,NA,0,NA,NA,0,0,0,NA,0,0,0,0,0,0,0,0,0,0,0,0,0,0,0,0,0,0,0,0,0,0,0,0,0,0,0,0,0,0,0,0,0,0,0,0,0,0,0,0,0,32,11
Streptococcus agalactiae,Streptococcus,0,0,0,0,NA,0,0,0,NA,0,0,0,0,NA,0,0,NA,0,NA,NA,NA,NA,0,0,0,0,0,NA,NA,36,0,NA,0,0,NA,0,87,0,0,0,0,0,NA,0,0,4,NA,0,0,0,NA,0,0,0,0,0,0,0,0,0,0,0,0,0,0,0,0,0,0,0,0,NA,0,0,0,0,0,0,0,0,0,0,0,0,0,0,0,0,0,0,0,0,0,0,0,0,0,0,0,0,0,0,0,0,0,0,NA
Bacteroides uniformis,Bacteroides,NA,NA,NA,NA,NA,NA,NA,36,NA,NA,NA,0,NA,NA,NA,0,NA,0,0,0,NA,NA,0,0,0,0,0,NA,0,0,0,NA,0,16,0,NA,0,0,NA,0,NA,0,0,0,0,0,NA,0,NA,NA,0,0,0,0,0,0,NA,0,0,0,0,0,0,0,0,0,0,0,0,0,0,0,0,0,0,0,0,0,0,0,0,0,0,0,0,0,0,0,0,0,0,0,0,0,0,0,0,0,0,0,0,0,0,0,0,0,0
Fusobacterium nucleatum,Fusobacterium,0,NA,NA,NA,NA,0,110,NA,NA,0,0,NA,NA,NA,NA,10,NA,NA,NA,NA,NA,NA,0,NA,0,NA,NA,NA,NA,0,NA,NA,0,NA,NA,NA,NA,0,0,NA,NA,0,0,0,NA,NA,NA,0,NA,0,0,NA,0,0,0,0,NA,0,NA,NA,0,2,NA,0,0,0,0,0,0,0,0,0,0,0,0,0,0,0,0,0,0,0,0,0,0,0,0,0,0,0,0,0,0,0,0,0,0,0,0,0,NA,0,0,0,0,0,0
Corynebacterium rouxii,Corynebacterium,NA,0,0,0,NA,0,0,0,NA,NA,NA,0,0,NA,NA,NA,NA,96,NA,NA,0,NA,0,0,0,0,0,0,NA,0,0,0,0,0,0,0,0,0,NA,0,0,0,0,0,3,NA,NA,0,0,0,0,0,0,0,0,0,NA,0,11,0,0,0,0,0,0,0,0,0,0,0,0,0,0,18,0,0,0,0,0,0,0,0,4,0,0,0,0,0,0,0,0,0,0,0,0,0,0,0,0,0,0,0,2,0,0,0,0
uncultured Desulfobacterium sp.,Desulfobacterium,NA,NA,0,0,NA,0,NA,NA,0,0,0,0,0,0,NA,NA,0,0,0,0,0,0,0,0,0,NA,0,NA,NA,NA,0,NA,8,NA,0,NA,25,NA,0,9,0,0,35,22,16,12,NA,NA,NA,NA,0,NA,NA,NA,0,NA,NA,NA,0,NA,0,0,0,0,0,18,31,0,0,0,0,0,0,0,0,0,0,0,0,0,0,0,0,0,0,0,0,0,0,0,0,0,0,0,0,0,0,0,0,0,0,0,0,0,0,0,0
Prevotella oris,Prevotella,13,NA,50,151,245,142,43,14,NA,NA,NA,0,NA,0,0,NA,64,0,NA,0,NA,NA,0,NA,10,13,256,29,14,25,10,19,13,NA,0,NA,NA,0,0,NA,NA,6,42,NA,7,0,21,17,NA,0,NA,NA,NA,NA,NA,NA,NA,NA,9,11,120,2,0,NA,27,NA,NA,42,109,14,12,10,9,0,1,NA,NA,0,0,0,0,0,12,NA,3,2,2,3,NA,0,0,0,0,0,0,1,2,6,1,0,NA,0,0,0,0,NA,118

Metric:, NR.r,Background:, "CZKLF",2 Filters Applied:,Categories:, Bacteria,Thresholds:, NR rPM >= 150
NA: Not Applicable; sample did not meet thresholds set